PlayerID,Team,Opponent,GameID,TeamPlayerFormation,player,date,home_team,away_team,reason,status,player_y
260843,Man Utd,Bournemouth,1729388,1,Andre Onana,2024-04-13 17:30:00,Bournemouth,Manchester United,,,
353418,Man Utd,Bournemouth,1729388, 2,Diogo Dalot,2024-04-13 17:30:00,Bournemouth,Manchester United,,,
331924,Man Utd,Bournemouth,1729388, 3,Aaron Wan-Bissaka,2024-04-13 17:30:00,Bournemouth,Manchester United,,,
460260,Man Utd,Bournemouth,1729388, 4,Kobbie Mainoo,2024-04-13 17:30:00,Bournemouth,Manchester United,,,
494120,Man Utd,Bournemouth,1729388, 5,Willy Kambwala,2024-04-13 17:30:00,Bournemouth,Manchester United,,,
99487,Man Utd,Bournemouth,1729388, 6,Harry Maguire,2024-04-13 17:30:00,Bournemouth,Manchester United,,,
437022,Man Utd,Bournemouth,1729388, 7,Alejandro Garnacho,2024-04-13 17:30:00,Bournemouth,Manchester United,,,
88526,Man Utd,Bournemouth,1729388, 8,Casemiro,2024-04-13 17:30:00,Bournemouth,Manchester United,,,
439584,Man Utd,Bournemouth,1729388, 9,Rasmus Hojlund,2024-04-13 17:30:00,Bournemouth,Manchester United,,,
123761,Man Utd,Bournemouth,1729388, 10,Bruno Fernandes,2024-04-13 17:30:00,Bournemouth,Manchester United,,,
300299,Man Utd,Bournemouth,1729388, 11,Marcus Rashford,2024-04-13 17:30:00,Bournemouth,Manchester United,injured doubtful,Doubtful,Marcus Rashford
361707,Man Utd,Bournemouth,1729388, 0,,2024-04-13 17:30:00,Bournemouth,Manchester United,,,
248144,Man Utd,Bournemouth,1729388, 0,Sofyan Amrabat,2024-04-13 17:30:00,Bournemouth,Manchester United,,,
343346,Man Utd,Bournemouth,1729388, 0,Mason Mount,2024-04-13 17:30:00,Bournemouth,Manchester United,,,
69344,Man Utd,Bournemouth,1729388, 0,Christian Eriksen,2024-04-13 17:30:00,Bournemouth,Manchester United,,,
386634,Man Utd,Bournemouth,1729388, 0,Amad Diallo,2024-04-13 17:30:00,Bournemouth,Manchester United,,,
491385,Man Utd,Bournemouth,1729388, 0,Omari Forson,2024-04-13 17:30:00,Bournemouth,Manchester United,,,
470680,Man Utd,Bournemouth,1729388, 0,,2024-04-13 17:30:00,Bournemouth,Manchester United,,,
517767,Man Utd,Bournemouth,1729388, 0,,2024-04-13 17:30:00,Bournemouth,Manchester United,,,
523346,Man Utd,Bournemouth,1729388, 0,,2024-04-13 17:30:00,Bournemouth,Manchester United,,,
76202,Bournemouth,Man Utd,1729388,1,Neto,2024-04-13 17:30:00,Bournemouth,Manchester United,,,
69877,Bournemouth,Man Utd,1729388, 2,Adam Smith,2024-04-13 17:30:00,Bournemouth,Manchester United,,,
424273,Bournemouth,Man Utd,1729388, 3,Milos Kerkez,2024-04-13 17:30:00,Bournemouth,Manchester United,,,
128882,Bournemouth,Man Utd,1729388, 4,Ryan Christie,2024-04-13 17:30:00,Bournemouth,Manchester United,,,
399826,Bournemouth,Man Utd,1729388, 5,Illia Zabarnyi,2024-04-13 17:30:00,Bournemouth,Manchester United,,,
328330,Bournemouth,Man Utd,1729388, 6,Marcos Senesi,2024-04-13 17:30:00,Bournemouth,Manchester United,,,
422183,Bournemouth,Man Utd,1729388, 7,Dango Ouattara,2024-04-13 17:30:00,Bournemouth,Manchester United,,,
136456,Bournemouth,Man Utd,1729388, 8,Lewis Cook,2024-04-13 17:30:00,Bournemouth,Manchester United,,,
136459,Bournemouth,Man Utd,1729388, 9,Dominic Solanke,2024-04-13 17:30:00,Bournemouth,Manchester United,,,
331579,Bournemouth,Man Utd,1729388, 10,Justin Kluivert,2024-04-13 17:30:00,Bournemouth,Manchester United,,,
361879,Bournemouth,Man Utd,1729388, 11,Luis Sinisterra,2024-04-13 17:30:00,Bournemouth,Manchester United,injured,Out,Luis Sinisterra
332419,Bournemouth,Man Utd,1729388, 0,Lloyd Kelly,2024-04-13 17:30:00,Bournemouth,Manchester United,,,
349368,Bournemouth,Man Utd,1729388, 0,Romain Faivre,2024-04-13 17:30:00,Bournemouth,Manchester United,,,
410998,Bournemouth,Man Utd,1729388, 0,Alex Scott,2024-04-13 17:30:00,Bournemouth,Manchester United,,,
362837,Bournemouth,Man Utd,1729388, 0,James Hill,2024-04-13 17:30:00,Bournemouth,Manchester United,,,
134695,Bournemouth,Man Utd,1729388, 0,Enes Unal,2024-04-13 17:30:00,Bournemouth,Manchester United,,,
145277,Bournemouth,Man Utd,1729388, 0,Philip Billing,2024-04-13 17:30:00,Bournemouth,Manchester United,,,
362103,Bournemouth,Man Utd,1729388, 0,Max Aarons,2024-04-13 17:30:00,Bournemouth,Manchester United,,,
362806,Bournemouth,Man Utd,1729388, 0,Mark Travers,2024-04-13 17:30:00,Bournemouth,Manchester United,,,
471270,Bournemouth,Man Utd,1729388, 0,,2024-04-13 17:30:00,Bournemouth,Manchester United,,,
362426,Burnley,Brighton,1729397,1,,2024-04-13 15:00:00,Burnley,Brighton,,,
402874,Burnley,Brighton,1729397, 2,Lorenz Assignon,2024-04-13 15:00:00,Burnley,Brighton,,,
349504,Burnley,Brighton,1729397, 3,Vitinho,2024-04-13 15:00:00,Burnley,Brighton,,,
273292,Burnley,Brighton,1729397, 4,Josh Cullen,2024-04-13 15:00:00,Burnley,Brighton,,,
399619,Burnley,Brighton,1729397, 5,Hjalmar Ekdal,2024-04-13 15:00:00,Burnley,Brighton,,,
414233,Burnley,Brighton,1729397, 6,Maxime Esteve,2024-04-13 15:00:00,Burnley,Brighton,,,
371447,Burnley,Brighton,1729397, 7,Lyle Foster,2024-04-13 15:00:00,Burnley,Brighton,,,
321020,Burnley,Brighton,1729397, 8,Sander Berge,2024-04-13 15:00:00,Burnley,Brighton,,,
410522,Burnley,Brighton,1729397, 9,David Datro Fofana,2024-04-13 15:00:00,Burnley,Brighton,,,
444751,Burnley,Brighton,1729397, 10,Wilson Odobert,2024-04-13 15:00:00,Burnley,Brighton,,,
307202,Burnley,Brighton,1729397, 11,Jacob Bruun Larsen,2024-04-13 15:00:00,Burnley,Brighton,,,
404852,Burnley,Brighton,1729397, 0,James Trafford,2024-04-13 15:00:00,Burnley,Brighton,,,
107462,Burnley,Brighton,1729397, 0,Charlie Taylor,2024-04-13 15:00:00,Burnley,Brighton,,,
41868,Burnley,Brighton,1729397, 0,Johann Gudmundsson,2024-04-13 15:00:00,Burnley,Brighton,,,
138929,Burnley,Brighton,1729397, 0,Josh Brownhill,2024-04-13 15:00:00,Burnley,Brighton,,,
33891,Burnley,Brighton,1729397, 0,Jay Rodriguez,2024-04-13 15:00:00,Burnley,Brighton,,,
400244,Burnley,Brighton,1729397, 0,Benson Manuel,2024-04-13 15:00:00,Burnley,Brighton,,,
424624,Burnley,Brighton,1729397, 0,Zeki Amdouni,2024-04-13 15:00:00,Burnley,Brighton,,,
383581,Burnley,Brighton,1729397, 0,Mike Tresor,2024-04-13 15:00:00,Burnley,Brighton,,,
365831,Burnley,Brighton,1729397, 0,Han-Noah Massengo,2024-04-13 15:00:00,Burnley,Brighton,injured,Out,Han-Noah Massengo
400138,Brighton,Burnley,1729397,1,Bart Verbruggen,2024-04-13 15:00:00,Burnley,Brighton,,,
110290,Brighton,Burnley,1729397, 2,Joel Veltman,2024-04-13 15:00:00,Burnley,Brighton,,,
298694,Brighton,Burnley,1729397, 3,Pervis Estupinan,2024-04-13 15:00:00,Burnley,Brighton,,,
436048,Brighton,Burnley,1729397, 4,Carlos Baleba,2024-04-13 15:00:00,Burnley,Brighton,,,
365402,Brighton,Burnley,1729397, 5,Jan Paul van Hecke,2024-04-13 15:00:00,Burnley,Brighton,,,
86441,Brighton,Burnley,1729397, 6,Lewis Dunk,2024-04-13 15:00:00,Burnley,Brighton,,,
443004,Brighton,Burnley,1729397, 7,Simon Adingra,2024-04-13 15:00:00,Burnley,Brighton,,,
71824,Brighton,Burnley,1729397, 8,Pascal Gross,2024-04-13 15:00:00,Burnley,Brighton,,,
39308,Brighton,Burnley,1729397, 9,Danny Welbeck,2024-04-13 15:00:00,Burnley,Brighton,,,
399378,Brighton,Burnley,1729397, 10,Jakub Moder,2024-04-13 15:00:00,Burnley,Brighton,,,
373525,Brighton,Burnley,1729397, 11,Joao Pedro,2024-04-13 15:00:00,Burnley,Brighton,,,
382241,Brighton,Burnley,1729397, 0,Igor Julio,2024-04-13 15:00:00,Burnley,Brighton,,,
21683,Brighton,Burnley,1729397, 0,Adam Lallana,2024-04-13 15:00:00,Burnley,Brighton,,,
419341,Brighton,Burnley,1729397, 0,,2024-04-13 15:00:00,Burnley,Brighton,,,
33532,Brighton,Burnley,1729397, 0,Jason Steele,2024-04-13 15:00:00,Burnley,Brighton,,,
382234,Brighton,Burnley,1729397, 0,Ansu Fati,2024-04-13 15:00:00,Burnley,Brighton,,,
432384,Brighton,Burnley,1729397, 0,Facundo Buonanotte,2024-04-13 15:00:00,Burnley,Brighton,,,
423721,Brighton,Burnley,1729397, 0,Odeluga Offiah,2024-04-13 15:00:00,Burnley,Brighton,,,
454792,Brighton,Burnley,1729397, 0,Cameron Peupion,2024-04-13 15:00:00,Burnley,Brighton,,,
509424,Brighton,Burnley,1729397, 0,,2024-04-13 15:00:00,Burnley,Brighton,,,
46092,Newcastle,Tottenham,1729410,1,Martin Dubravka,2024-04-13 12:30:00,Newcastle,Tottenham,,,
141486,Newcastle,Tottenham,1729410, 2,Jacob Murphy,2024-04-13 12:30:00,Newcastle,Tottenham,,,
82277,Newcastle,Tottenham,1729410, 3,Dan Burn,2024-04-13 12:30:00,Newcastle,Tottenham,,,
338780,Newcastle,Tottenham,1729410, 4,Bruno Guimaraes,2024-04-13 12:30:00,Newcastle,Tottenham,,,
100599,Newcastle,Tottenham,1729410, 5,Emil Krafth,2024-04-13 12:30:00,Newcastle,Tottenham,,,
82726,Newcastle,Tottenham,1729410, 6,Fabian Schar,2024-04-13 12:30:00,Newcastle,Tottenham,,,
342811,Newcastle,Tottenham,1729410, 7,Sean Longstaff,2024-04-13 12:30:00,Newcastle,Tottenham,,,
402596,Newcastle,Tottenham,1729410, 8,Elliot Anderson,2024-04-13 12:30:00,Newcastle,Tottenham,,,
299254,Newcastle,Tottenham,1729410, 9,Alexander Isak,2024-04-13 12:30:00,Newcastle,Tottenham,,,
349669,Newcastle,Tottenham,1729410, 10,Anthony Gordon,2024-04-13 12:30:00,Newcastle,Tottenham,,,
331382,Newcastle,Tottenham,1729410, 11,Harvey Barnes,2024-04-13 12:30:00,Newcastle,Tottenham,,,
112009,Newcastle,Tottenham,1729410, 0,Paul Dummett,2024-04-13 12:30:00,Newcastle,Tottenham,,,
68648,Newcastle,Tottenham,1729410, 0,Matt Ritchie,2024-04-13 12:30:00,Newcastle,Tottenham,,,
107176,Newcastle,Tottenham,1729410, 0,Loris Karius,2024-04-13 12:30:00,Newcastle,Tottenham,,,
430294,Newcastle,Tottenham,1729410, 0,Lewis Hall,2024-04-13 12:30:00,Newcastle,Tottenham,,,
415174,Newcastle,Tottenham,1729410, 0,Tino Livramento,2024-04-13 12:30:00,Newcastle,Tottenham,injured,Out,Tino Livramento
134640,Newcastle,Tottenham,1729410, 0,,2024-04-13 12:30:00,Newcastle,Tottenham,,,
425059,Newcastle,Tottenham,1729410, 0,Joe White,2024-04-13 12:30:00,Newcastle,Tottenham,,,
492690,Newcastle,Tottenham,1729410, 0,Alex Murphy,2024-04-13 12:30:00,Newcastle,Tottenham,,,
492692,Newcastle,Tottenham,1729410, 0,Ben Parkinson,2024-04-13 12:30:00,Newcastle,Tottenham,,,
147863,Tottenham,Newcastle,1729410,1,Guglielmo Vicario,2024-04-13 12:30:00,Newcastle,Tottenham,,,
362352,Tottenham,Newcastle,1729410, 2,Pedro Porro,2024-04-13 12:30:00,Newcastle,Tottenham,,,
401044,Tottenham,Newcastle,1729410, 3,Destiny Udogie,2024-04-13 12:30:00,Newcastle,Tottenham,,,
303657,Tottenham,Newcastle,1729410, 4,Rodrigo Bentancur,2024-04-13 12:30:00,Newcastle,Tottenham,,,
323663,Tottenham,Newcastle,1729410, 5,Cristian Romero,2024-04-13 12:30:00,Newcastle,Tottenham,,,
425229,Tottenham,Newcastle,1729410, 6,Micky van de Ven,2024-04-13 12:30:00,Newcastle,Tottenham,,,
379688,Tottenham,Newcastle,1729410, 7,Brennan Johnson,2024-04-13 12:30:00,Newcastle,Tottenham,,,
303096,Tottenham,Newcastle,1729410, 8,Yves Bissouma,2024-04-13 12:30:00,Newcastle,Tottenham,,,
91909,Tottenham,Newcastle,1729410, 9,Son Heung-Min,2024-04-13 12:30:00,Newcastle,Tottenham,,,
137015,Tottenham,Newcastle,1729410, 10,James Maddison,2024-04-13 12:30:00,Newcastle,Tottenham,,,
130903,Tottenham,Newcastle,1729410, 11,Timo Werner,2024-04-13 12:30:00,Newcastle,Tottenham,,,
101859,Tottenham,Newcastle,1729410, 0,Pierre-Emile Hojbjerg,2024-04-13 12:30:00,Newcastle,Tottenham,,,
400097,Tottenham,Newcastle,1729410, 0,Radu Dragusin,2024-04-13 12:30:00,Newcastle,Tottenham,,,
368519,Tottenham,Newcastle,1729410, 0,Bryan Gil,2024-04-13 12:30:00,Newcastle,Tottenham,,,
328512,Tottenham,Newcastle,1729410, 0,Emerson Royal,2024-04-13 12:30:00,Newcastle,Tottenham,,,
303908,Tottenham,Newcastle,1729410, 0,Giovani Lo Celso,2024-04-13 12:30:00,Newcastle,Tottenham,,,
355855,Tottenham,Newcastle,1729410, 0,Dejan Kulusevski,2024-04-13 12:30:00,Newcastle,Tottenham,,,
403859,Tottenham,Newcastle,1729410, 0,Pape Sarr,2024-04-13 12:30:00,Newcastle,Tottenham,,,
103837,Tottenham,Newcastle,1729410, 0,Ben Davies,2024-04-13 12:30:00,Newcastle,Tottenham,,,
386134,Tottenham,Newcastle,1729410, 0,,2024-04-13 12:30:00,Newcastle,Tottenham,,,
115131,Brentford,Luton,1729433,1,Mark Flekken,2024-04-20 15:00:00,Luton,Brentford,,,
321085,Brentford,Luton,1729433, 2,Kristoffer Ajer,2024-04-20 15:00:00,Luton,Brentford,injured doubtful,Doubtful,Kristoffer Ajer
362275,Brentford,Luton,1729433, 3,Sergio Reguilon,2024-04-20 15:00:00,Luton,Brentford,,,
298689,Brentford,Luton,1729433, 4,Vitaly Janelt,2024-04-20 15:00:00,Luton,Brentford,,,
372724,Brentford,Luton,1729433, 5,Nathan Collins,2024-04-20 15:00:00,Luton,Brentford,,,
342499,Brentford,Luton,1729433, 6,Ethan Pinnock,2024-04-20 15:00:00,Luton,Brentford,,,
401168,Brentford,Luton,1729433, 7,Mikkel Damsgaard,2024-04-20 15:00:00,Luton,Brentford,,,
339674,Brentford,Luton,1729433, 8,Mathias Jensen,2024-04-20 15:00:00,Luton,Brentford,,,
296240,Brentford,Luton,1729433, 9,Yoane Wissa,2024-04-20 15:00:00,Luton,Brentford,,,
353377,Brentford,Luton,1729433, 10,Bryan Mbeumo,2024-04-20 15:00:00,Luton,Brentford,,,
368512,Brentford,Luton,1729433, 11,Keane Lewis-Potter,2024-04-20 15:00:00,Luton,Brentford,,,
101856,Brentford,Luton,1729433, 0,Christian Norgaard,2024-04-20 15:00:00,Luton,Brentford,injured doubtful,Doubtful,Christian Norgaard
119822,Brentford,Luton,1729433, 0,Neal Maupay,2024-04-20 15:00:00,Luton,Brentford,,,
407260,Brentford,Luton,1729433, 0,Kevin Schade,2024-04-20 15:00:00,Luton,Brentford,,,
29026,Brentford,Luton,1729433, 0,Zanka,2024-04-20 15:00:00,Luton,Brentford,,,
320575,Brentford,Luton,1729433, 0,Saman Ghoddos,2024-04-20 15:00:00,Luton,Brentford,,,
404109,Brentford,Luton,1729433, 0,Frank Onyeka,2024-04-20 15:00:00,Luton,Brentford,,,
121480,Brentford,Luton,1729433, 0,Thomas Strakosha,2024-04-20 15:00:00,Luton,Brentford,,,
329554,Brentford,Luton,1729433, 0,Mads Roerslev,2024-04-20 15:00:00,Luton,Brentford,,,
444304,Brentford,Luton,1729433, 0,Yehor Yarmoliuk,2024-04-20 15:00:00,Luton,Brentford,,,
64342,Luton,Brentford,1729433,1,Thomas Kaminski,2024-04-20 15:00:00,Luton,Brentford,,,
399955,Luton,Brentford,1729433, 2,Issa Kabore,2024-04-20 15:00:00,Luton,Brentford,,,
362246,Luton,Brentford,1729433, 3,Alfie Doughty,2024-04-20 15:00:00,Luton,Brentford,,,
366080,Luton,Brentford,1729433, 4,Gabriel Osho,2024-04-20 15:00:00,Luton,Brentford,injured,Out,Gabriel Osho
388671,Luton,Brentford,1729433, 5,Teden Mengi,2024-04-20 15:00:00,Luton,Brentford,injured doubtful,Doubtful,Teden Mengi
141510,Luton,Brentford,1729433, 6,Reece Burke,2024-04-20 15:00:00,Luton,Brentford,,,
349102,Luton,Brentford,1729433, 7,Albert Sambi Lokonga,2024-04-20 15:00:00,Luton,Brentford,injured doubtful,Doubtful,Albert Sambi Lokonga
92547,Luton,Brentford,1729433, 8,Ross Barkley,2024-04-20 15:00:00,Luton,Brentford,,,
263188,Luton,Brentford,1729433, 9,Carlton Morris,2024-04-20 15:00:00,Luton,Brentford,,,
100594,Luton,Brentford,1729433, 10,Jordan Clark,2024-04-20 15:00:00,Luton,Brentford,,,
365244,Luton,Brentford,1729433, 11,Tahith Chong,2024-04-20 15:00:00,Luton,Brentford,,,
94017,Luton,Brentford,1729433, 0,,2024-04-20 15:00:00,Luton,Brentford,,,
139864,Luton,Brentford,1729433, 0,Luke Berry,2024-04-20 15:00:00,Luton,Brentford,,,
138641,Luton,Brentford,1729433, 0,Cauley Woodrow,2024-04-20 15:00:00,Luton,Brentford,,,
135717,Luton,Brentford,1729433, 0,Pelly Ruddock Mpanzu,2024-04-20 15:00:00,Luton,Brentford,,,
22319,Luton,Brentford,1729433, 0,Tim Krul,2024-04-20 15:00:00,Luton,Brentford,,,
411101,Luton,Brentford,1729433, 0,Daiki Hashioka,2024-04-20 15:00:00,Luton,Brentford,,,
71522,Luton,Brentford,1729433, 0,Andros Townsend,2024-04-20 15:00:00,Luton,Brentford,,,
141431,Luton,Brentford,1729433, 0,,2024-04-20 15:00:00,Luton,Brentford,,,
473957,Luton,Brentford,1729433, 0,,2024-04-20 15:00:00,Luton,Brentford,,,
362426,Burnley,Sheff Utd,1729439,1,,2024-04-20 15:00:00,Sheffield United,Burnley,,,
402874,Burnley,Sheff Utd,1729439, 2,Lorenz Assignon,2024-04-20 15:00:00,Sheffield United,Burnley,,,
107462,Burnley,Sheff Utd,1729439, 3,Charlie Taylor,2024-04-20 15:00:00,Sheffield United,Burnley,,,
273292,Burnley,Sheff Utd,1729439, 4,Josh Cullen,2024-04-20 15:00:00,Sheffield United,Burnley,,,
362826,Burnley,Sheff Utd,1729439, 5,Dara O'Shea,2024-04-20 15:00:00,Sheffield United,Burnley,,,
414233,Burnley,Sheff Utd,1729439, 6,Maxime Esteve,2024-04-20 15:00:00,Sheffield United,Burnley,,,
349504,Burnley,Sheff Utd,1729439, 7,Vitinho,2024-04-20 15:00:00,Sheffield United,Burnley,,,
321020,Burnley,Sheff Utd,1729439, 8,Sander Berge,2024-04-20 15:00:00,Sheffield United,Burnley,,,
444751,Burnley,Sheff Utd,1729439, 9,Wilson Odobert,2024-04-20 15:00:00,Sheffield United,Burnley,,,
371447,Burnley,Sheff Utd,1729439, 10,Lyle Foster,2024-04-20 15:00:00,Sheffield United,Burnley,,,
307202,Burnley,Sheff Utd,1729439, 11,Jacob Bruun Larsen,2024-04-20 15:00:00,Sheffield United,Burnley,,,
404852,Burnley,Sheff Utd,1729439, 0,James Trafford,2024-04-20 15:00:00,Sheffield United,Burnley,,,
41868,Burnley,Sheff Utd,1729439, 0,Johann Gudmundsson,2024-04-20 15:00:00,Sheffield United,Burnley,,,
138929,Burnley,Sheff Utd,1729439, 0,Josh Brownhill,2024-04-20 15:00:00,Sheffield United,Burnley,,,
33891,Burnley,Sheff Utd,1729439, 0,Jay Rodriguez,2024-04-20 15:00:00,Sheffield United,Burnley,,,
400244,Burnley,Sheff Utd,1729439, 0,Benson Manuel,2024-04-20 15:00:00,Sheffield United,Burnley,,,
399619,Burnley,Sheff Utd,1729439, 0,Hjalmar Ekdal,2024-04-20 15:00:00,Sheffield United,Burnley,,,
410522,Burnley,Sheff Utd,1729439, 0,David Datro Fofana,2024-04-20 15:00:00,Sheffield United,Burnley,,,
424624,Burnley,Sheff Utd,1729439, 0,Zeki Amdouni,2024-04-20 15:00:00,Sheffield United,Burnley,,,
383581,Burnley,Sheff Utd,1729439, 0,Mike Tresor,2024-04-20 15:00:00,Sheffield United,Burnley,,,
377309,Sheff Utd,Burnley,1729439,1,Ivo Grbic,2024-04-20 15:00:00,Sheffield United,Burnley,,,
354291,Sheff Utd,Burnley,1729439, 2,Jayden Bogle,2024-04-20 15:00:00,Sheffield United,Burnley,injured doubtful,Doubtful,Jayden Bogle
140667,Sheff Utd,Burnley,1729439, 3,Ben Osborn,2024-04-20 15:00:00,Sheffield United,Burnley,,,
434190,Sheff Utd,Burnley,1729439, 4,Oliver Arblaster,2024-04-20 15:00:00,Sheffield United,Burnley,,,
326642,Sheff Utd,Burnley,1729439, 5,Anel Ahmedhodzic,2024-04-20 15:00:00,Sheffield United,Burnley,,,
298687,Sheff Utd,Burnley,1729439, 6,Auston Trusty,2024-04-20 15:00:00,Sheffield United,Burnley,,,
425576,Sheff Utd,Burnley,1729439, 7,James McAtee,2024-04-20 15:00:00,Sheffield United,Burnley,,,
373964,Sheff Utd,Burnley,1729439, 8,Vinicius Souza,2024-04-20 15:00:00,Sheffield United,Burnley,,,
138695,Sheff Utd,Burnley,1729439, 9,Oliver McBurnie,2024-04-20 15:00:00,Sheffield United,Burnley,,,
332143,Sheff Utd,Burnley,1729439, 10,Gustavo Hamer,2024-04-20 15:00:00,Sheffield United,Burnley,,,
332839,Sheff Utd,Burnley,1729439, 11,Ben Brereton,2024-04-20 15:00:00,Sheffield United,Burnley,,,
382363,Sheff Utd,Burnley,1729439, 0,Cameron Archer,2024-04-20 15:00:00,Sheffield United,Burnley,,,
90324,Sheff Utd,Burnley,1729439, 0,Oliver Norwood,2024-04-20 15:00:00,Sheffield United,Burnley,,,
134482,Sheff Utd,Burnley,1729439, 0,Wes Foderingham,2024-04-20 15:00:00,Sheffield United,Burnley,,,
425353,Sheff Utd,Burnley,1729439, 0,Anis Ben Slimane,2024-04-20 15:00:00,Sheffield United,Burnley,,,
386971,Sheff Utd,Burnley,1729439, 0,Yasser Larouci,2024-04-20 15:00:00,Sheffield United,Burnley,,,
499658,Sheff Utd,Burnley,1729439, 0,,2024-04-20 15:00:00,Sheffield United,Burnley,,,
297544,Sheff Utd,Burnley,1729439, 0,Mason Holgate,2024-04-20 15:00:00,Sheffield United,Burnley,,,
416209,Sheff Utd,Burnley,1729439, 0,William Osula,2024-04-20 15:00:00,Sheffield United,Burnley,,,
456511,Sheff Utd,Burnley,1729439, 0,Andre Brooks,2024-04-20 15:00:00,Sheffield United,Burnley,,,
122714,Wolves,Arsenal,1729311,1,Jose Sa,2024-04-20 19:30:00,Wolves,Arsenal,,,
94042,Wolves,Arsenal,1729311, 2,Matt Doherty,2024-04-20 19:30:00,Wolves,Arsenal,,,
431283,Wolves,Arsenal,1729311, 3,Toti,2024-04-20 19:30:00,Wolves,Arsenal,,,
386856,Wolves,Arsenal,1729311, 4,Tommy Doyle,2024-04-20 19:30:00,Wolves,Arsenal,,,
444241,Wolves,Arsenal,1729311, 5,Santiago Bueno,2024-04-20 19:30:00,Wolves,Arsenal,,,
368310,Wolves,Arsenal,1729311, 6,Maximilian Kilman,2024-04-20 19:30:00,Wolves,Arsenal,,,
403693,Wolves,Arsenal,1729311, 7,Joao Gomes,2024-04-20 19:30:00,Wolves,Arsenal,,,
386612,Wolves,Arsenal,1729311, 8,Boubacar Traore,2024-04-20 19:30:00,Wolves,Arsenal,,,
437381,Wolves,Arsenal,1729311, 9,Tawanda Chirewa,2024-04-20 19:30:00,Wolves,Arsenal,,,
262854,Wolves,Arsenal,1729311, 10,Hwang Hee-Chan,2024-04-20 19:30:00,Wolves,Arsenal,unfit,Doubtful,Hwang Hee-Chan
409730,Wolves,Arsenal,1729311, 11,Hugo Bueno,2024-04-20 19:30:00,Wolves,Arsenal,,,
518914,Wolves,Arsenal,1729311, 0,,2024-04-20 19:30:00,Wolves,Arsenal,,,
355401,Wolves,Arsenal,1729311, 0,Rayan Ait-Nouri,2024-04-20 19:30:00,Wolves,Arsenal,injured doubtful,Doubtful,Rayan Ait-Nouri
123481,Wolves,Arsenal,1729311, 0,Mario Lemina,2024-04-20 19:30:00,Wolves,Arsenal,,,
94868,Wolves,Arsenal,1729311, 0,Pablo Sarabia,2024-04-20 19:30:00,Wolves,Arsenal,,,
134543,Wolves,Arsenal,1729311, 0,Dan Bentley,2024-04-20 19:30:00,Wolves,Arsenal,,,
512928,Wolves,Arsenal,1729311, 0,,2024-04-20 19:30:00,Wolves,Arsenal,,,
524089,Wolves,Arsenal,1729311, 0,,2024-04-20 19:30:00,Wolves,Arsenal,,,
517909,Wolves,Arsenal,1729311, 0,,2024-04-20 19:30:00,Wolves,Arsenal,,,
463235,Wolves,Arsenal,1729311, 0,Nathan Fraser,2024-04-20 19:30:00,Wolves,Arsenal,,,
276366,Arsenal,Wolves,1729311,1,David Raya,2024-04-20 19:30:00,Wolves,Arsenal,,,
322036,Arsenal,Wolves,1729311, 2,Ben White,2024-04-20 19:30:00,Wolves,Arsenal,,,
424462,Arsenal,Wolves,1729311, 3,Jakub Kiwior,2024-04-20 19:30:00,Wolves,Arsenal,,,
332325,Arsenal,Wolves,1729311, 4,Declan Rice,2024-04-20 19:30:00,Wolves,Arsenal,,,
361822,Arsenal,Wolves,1729311, 5,William Saliba,2024-04-20 19:30:00,Wolves,Arsenal,,,
334087,Arsenal,Wolves,1729311, 6,Gabriel Magalhaes,2024-04-20 19:30:00,Wolves,Arsenal,,,
247454,Arsenal,Wolves,1729311, 7,Martin Odegaard,2024-04-20 19:30:00,Wolves,Arsenal,,,
326413,Arsenal,Wolves,1729311, 8,Kai Havertz,2024-04-20 19:30:00,Wolves,Arsenal,,,
279379,Arsenal,Wolves,1729311, 9,Gabriel Jesus,2024-04-20 19:30:00,Wolves,Arsenal,,,
367185,Arsenal,Wolves,1729311, 10,Bukayo Saka,2024-04-20 19:30:00,Wolves,Arsenal,,,
113994,Arsenal,Wolves,1729311, 11,Leandro Trossard,2024-04-20 19:30:00,Wolves,Arsenal,,,
316858,Arsenal,Wolves,1729311, 0,Aaron Ramsdale,2024-04-20 19:30:00,Wolves,Arsenal,,,
238940,Arsenal,Wolves,1729311, 0,Thomas Partey,2024-04-20 19:30:00,Wolves,Arsenal,,,
363686,Arsenal,Wolves,1729311, 0,Emile Smith Rowe,2024-04-20 19:30:00,Wolves,Arsenal,,,
380706,Arsenal,Wolves,1729311, 0,Gabriel Martinelli,2024-04-20 19:30:00,Wolves,Arsenal,,,
345845,Arsenal,Wolves,1729311, 0,Eddie Nketiah,2024-04-20 19:30:00,Wolves,Arsenal,,,
106968,Arsenal,Wolves,1729311, 0,Jorginho,2024-04-20 19:30:00,Wolves,Arsenal,,,
394924,Arsenal,Wolves,1729311, 0,Fabio Vieira,2024-04-20 19:30:00,Wolves,Arsenal,,,
342564,Arsenal,Wolves,1729311, 0,Reiss Nelson,2024-04-20 19:30:00,Wolves,Arsenal,,,
273257,Arsenal,Wolves,1729311, 0,Oleksandr Zinchenko,2024-04-20 19:30:00,Wolves,Arsenal,,,
76202,Bournemouth,Aston Villa,1729419,1,Neto,2024-04-21 15:00:00,Aston Villa,Bournemouth,,,
69877,Bournemouth,Aston Villa,1729419, 2,Adam Smith,2024-04-21 15:00:00,Aston Villa,Bournemouth,,,
332419,Bournemouth,Aston Villa,1729419, 3,Lloyd Kelly,2024-04-21 15:00:00,Aston Villa,Bournemouth,,,
128882,Bournemouth,Aston Villa,1729419, 4,Ryan Christie,2024-04-21 15:00:00,Aston Villa,Bournemouth,,,
399826,Bournemouth,Aston Villa,1729419, 5,Illia Zabarnyi,2024-04-21 15:00:00,Aston Villa,Bournemouth,,,
328330,Bournemouth,Aston Villa,1729419, 6,Marcos Senesi,2024-04-21 15:00:00,Aston Villa,Bournemouth,,,
422183,Bournemouth,Aston Villa,1729419, 7,Dango Ouattara,2024-04-21 15:00:00,Aston Villa,Bournemouth,,,
136456,Bournemouth,Aston Villa,1729419, 8,Lewis Cook,2024-04-21 15:00:00,Aston Villa,Bournemouth,,,
136459,Bournemouth,Aston Villa,1729419, 9,Dominic Solanke,2024-04-21 15:00:00,Aston Villa,Bournemouth,,,
331579,Bournemouth,Aston Villa,1729419, 10,Justin Kluivert,2024-04-21 15:00:00,Aston Villa,Bournemouth,,,
424273,Bournemouth,Aston Villa,1729419, 11,Milos Kerkez,2024-04-21 15:00:00,Aston Villa,Bournemouth,,,
515753,Bournemouth,Aston Villa,1729419, 0,,2024-04-21 15:00:00,Aston Villa,Bournemouth,,,
410998,Bournemouth,Aston Villa,1729419, 0,Alex Scott,2024-04-21 15:00:00,Aston Villa,Bournemouth,,,
362837,Bournemouth,Aston Villa,1729419, 0,James Hill,2024-04-21 15:00:00,Aston Villa,Bournemouth,,,
357073,Bournemouth,Aston Villa,1729419, 0,Antoine Semenyo,2024-04-21 15:00:00,Aston Villa,Bournemouth,injured doubtful,Doubtful,Antoine Semenyo
134695,Bournemouth,Aston Villa,1729419, 0,Enes Unal,2024-04-21 15:00:00,Aston Villa,Bournemouth,,,
145277,Bournemouth,Aston Villa,1729419, 0,Philip Billing,2024-04-21 15:00:00,Aston Villa,Bournemouth,,,
362103,Bournemouth,Aston Villa,1729419, 0,Max Aarons,2024-04-21 15:00:00,Aston Villa,Bournemouth,,,
362806,Bournemouth,Aston Villa,1729419, 0,Mark Travers,2024-04-21 15:00:00,Aston Villa,Bournemouth,,,
471270,Bournemouth,Aston Villa,1729419, 0,,2024-04-21 15:00:00,Aston Villa,Bournemouth,,,
102248,Aston Villa,Bournemouth,1729419,1,Emiliano Martinez,2024-04-21 15:00:00,Aston Villa,Bournemouth,,,
322043,Aston Villa,Bournemouth,1729419, 2,Matty Cash,2024-04-21 15:00:00,Aston Villa,Bournemouth,,,
89925,Aston Villa,Bournemouth,1729419, 3,Lucas Digne,2024-04-21 15:00:00,Aston Villa,Bournemouth,,,
136345,Aston Villa,Bournemouth,1729419, 4,Youri Tielemans,2024-04-21 15:00:00,Aston Villa,Bournemouth,,,
301440,Aston Villa,Bournemouth,1729419, 5,Ezri Konsa,2024-04-21 15:00:00,Aston Villa,Bournemouth,,,
344259,Aston Villa,Bournemouth,1729419, 6,Pau Torres,2024-04-21 15:00:00,Aston Villa,Bournemouth,,,
327682,Aston Villa,Bournemouth,1729419, 7,Leon Bailey,2024-04-21 15:00:00,Aston Villa,Bournemouth,,,
318449,Aston Villa,Bournemouth,1729419, 8,John McGinn,2024-04-21 15:00:00,Aston Villa,Bournemouth,,,
148503,Aston Villa,Bournemouth,1729419, 9,Ollie Watkins,2024-04-21 15:00:00,Aston Villa,Bournemouth,,,
353397,Aston Villa,Bournemouth,1729419, 10,Moussa Diaby,2024-04-21 15:00:00,Aston Villa,Bournemouth,,,
362824,Aston Villa,Bournemouth,1729419, 11,Morgan Rogers,2024-04-21 15:00:00,Aston Villa,Bournemouth,,,
134984,Aston Villa,Bournemouth,1729419, 0,Diego Carlos,2024-04-21 15:00:00,Aston Villa,Bournemouth,,,
124316,Aston Villa,Bournemouth,1729419, 0,Calum Chambers,2024-04-21 15:00:00,Aston Villa,Bournemouth,,,
236511,Aston Villa,Bournemouth,1729419, 0,Clement Lenglet,2024-04-21 15:00:00,Aston Villa,Bournemouth,injured doubtful,Doubtful,Clement Lenglet
433517,Aston Villa,Bournemouth,1729419, 0,Jhon Duran,2024-04-21 15:00:00,Aston Villa,Bournemouth,,,
41554,Aston Villa,Bournemouth,1729419, 0,Robin Olsen,2024-04-21 15:00:00,Aston Villa,Bournemouth,,,
411201,Aston Villa,Bournemouth,1729419, 0,,2024-04-21 15:00:00,Aston Villa,Bournemouth,,,
416208,Aston Villa,Bournemouth,1729419, 0,Tim Iroegbunam,2024-04-21 15:00:00,Aston Villa,Bournemouth,,,
515428,Aston Villa,Bournemouth,1729419, 0,,2024-04-21 15:00:00,Aston Villa,Bournemouth,,,
428531,Aston Villa,Bournemouth,1729419, 0,,2024-04-21 15:00:00,Aston Villa,Bournemouth,,,
304008,Crystal Palace,West Ham,1729424,1,Dean Henderson,2024-04-21 15:00:00,Crystal Palace,West Ham,,,
400496,Crystal Palace,West Ham,1729424, 2,Daniel Munoz,2024-04-21 15:00:00,Crystal Palace,West Ham,,,
389579,Crystal Palace,West Ham,1729424, 3,Tyrick Mitchell,2024-04-21 15:00:00,Crystal Palace,West Ham,,,
395401,Crystal Palace,West Ham,1729424, 4,Chris Richards,2024-04-21 15:00:00,Crystal Palace,West Ham,injured,Out,Chris Richards
231135,Crystal Palace,West Ham,1729424, 5,Joachim Andersen,2024-04-21 15:00:00,Crystal Palace,West Ham,,,
69375,Crystal Palace,West Ham,1729424, 6,Nathaniel Clyne,2024-04-21 15:00:00,Crystal Palace,West Ham,,,
430774,Crystal Palace,West Ham,1729424, 7,Adam Wharton,2024-04-21 15:00:00,Crystal Palace,West Ham,,,
108638,Crystal Palace,West Ham,1729424, 8,Will Hughes,2024-04-21 15:00:00,Crystal Palace,West Ham,,,
328096,Crystal Palace,West Ham,1729424, 9,Jean-Philippe Mateta,2024-04-21 15:00:00,Crystal Palace,West Ham,,,
371281,Crystal Palace,West Ham,1729424, 10,Michael Olise,2024-04-21 15:00:00,Crystal Palace,West Ham,,,
332403,Crystal Palace,West Ham,1729424, 11,Eberechi Eze,2024-04-21 15:00:00,Crystal Palace,West Ham,,,
43105,Crystal Palace,West Ham,1729424, 0,Joel Ward,2024-04-21 15:00:00,Crystal Palace,West Ham,,,
288795,Crystal Palace,West Ham,1729424, 0,Rob Holding,2024-04-21 15:00:00,Crystal Palace,West Ham,injured,Out,Rob Holding
33930,Crystal Palace,West Ham,1729424, 0,James Tomkins,2024-04-21 15:00:00,Crystal Palace,West Ham,,,
67491,Crystal Palace,West Ham,1729424, 0,Jordan Ayew,2024-04-21 15:00:00,Crystal Palace,West Ham,,,
91822,Crystal Palace,West Ham,1729424, 0,Jeffrey Schlupp,2024-04-21 15:00:00,Crystal Palace,West Ham,,,
317504,Crystal Palace,West Ham,1729424, 0,Odsonne Edouard,2024-04-21 15:00:00,Crystal Palace,West Ham,,,
409440,Crystal Palace,West Ham,1729424, 0,Naouirou Ahamada,2024-04-21 15:00:00,Crystal Palace,West Ham,,,
229492,Crystal Palace,West Ham,1729424, 0,Remi Matthews,2024-04-21 15:00:00,Crystal Palace,West Ham,,,
141246,Crystal Palace,West Ham,1729424, 0,Jairo Riedewald,2024-04-21 15:00:00,Crystal Palace,West Ham,,,
20973,West Ham,Crystal Palace,1729424,1,Lukasz Fabianski,2024-04-21 15:00:00,Crystal Palace,West Ham,,,
111372,West Ham,Crystal Palace,1729424, 2,Vladimir Coufal,2024-04-21 15:00:00,Crystal Palace,West Ham,,,
101955,West Ham,Crystal Palace,1729424, 3,Emerson,2024-04-21 15:00:00,Crystal Palace,West Ham,,,
322696,West Ham,Crystal Palace,1729424, 4,Edson Alvarez,2024-04-21 15:00:00,Crystal Palace,West Ham,,,
106086,West Ham,Crystal Palace,1729424, 5,Kurt Zouma,2024-04-21 15:00:00,Crystal Palace,West Ham,,,
23547,West Ham,Crystal Palace,1729424, 6,Angelo Ogbonna,2024-04-21 15:00:00,Crystal Palace,West Ham,,,
400166,West Ham,Crystal Palace,1729424, 7,Mohammed Kudus,2024-04-21 15:00:00,Crystal Palace,West Ham,,,
143595,West Ham,Crystal Palace,1729424, 8,Tomas Soucek,2024-04-21 15:00:00,Crystal Palace,West Ham,,,
69517,West Ham,Crystal Palace,1729424, 9,Michail Antonio,2024-04-21 15:00:00,Crystal Palace,West Ham,,,
105172,West Ham,Crystal Palace,1729424, 10,James Ward-Prowse,2024-04-21 15:00:00,Crystal Palace,West Ham,,,
319756,West Ham,Crystal Palace,1729424, 11,Lucas Paqueta,2024-04-21 15:00:00,Crystal Palace,West Ham,,,
349484,West Ham,Crystal Palace,1729424, 0,Ben Johnson,2024-04-21 15:00:00,Crystal Palace,West Ham,,,
68049,West Ham,Crystal Palace,1729424, 0,Aaron Cresswell,2024-04-21 15:00:00,Crystal Palace,West Ham,,,
270446,West Ham,Crystal Palace,1729424, 0,Kalvin Phillips,2024-04-21 15:00:00,Crystal Palace,West Ham,injured doubtful,Doubtful,Kalvin Phillips
125004,West Ham,Crystal Palace,1729424, 0,Maxwel Cornet,2024-04-21 15:00:00,Crystal Palace,West Ham,,,
91762,West Ham,Crystal Palace,1729424, 0,Danny Ings,2024-04-21 15:00:00,Crystal Palace,West Ham,,,
92516,West Ham,Crystal Palace,1729424, 0,Alphonse Areola,2024-04-21 15:00:00,Crystal Palace,West Ham,injured,Out,Alphonse Areola
463053,West Ham,Crystal Palace,1729424, 0,,2024-04-21 15:00:00,Crystal Palace,West Ham,,,
454820,West Ham,Crystal Palace,1729424, 0,Divin Mubama,2024-04-21 15:00:00,Crystal Palace,West Ham,,,
463054,West Ham,Crystal Palace,1729424, 0,,2024-04-21 15:00:00,Crystal Palace,West Ham,,,
78386,Nottingham Forest,Everton,1729427,1,Matz Sels,2024-04-21 13:30:00,Everton,Nottingham Forest,,,
386969,Nottingham Forest,Everton,1729427, 2,Neco Williams,2024-04-21 13:30:00,Everton,Nottingham Forest,,,
315543,Nottingham Forest,Everton,1729427, 3,Ola Aina,2024-04-21 13:30:00,Everton,Nottingham Forest,,,
399250,Nottingham Forest,Everton,1729427, 4,Danilo,2024-04-21 13:30:00,Everton,Nottingham Forest,,,
296319,Nottingham Forest,Everton,1729427, 5,Moussa Niakhate,2024-04-21 13:30:00,Everton,Nottingham Forest,,,
445424,Nottingham Forest,Everton,1729427, 6,Murillo,2024-04-21 13:30:00,Everton,Nottingham Forest,,,
389087,Nottingham Forest,Everton,1729427, 7,Giovanni Reyna,2024-04-21 13:30:00,Everton,Nottingham Forest,,,
334653,Nottingham Forest,Everton,1729427, 8,Nicolas Dominguez,2024-04-21 13:30:00,Everton,Nottingham Forest,,,
73380,Nottingham Forest,Everton,1729427, 9,Chris Wood,2024-04-21 13:30:00,Everton,Nottingham Forest,,,
332867,Nottingham Forest,Everton,1729427, 10,Morgan Gibbs-White,2024-04-21 13:30:00,Everton,Nottingham Forest,,,
350088,Nottingham Forest,Everton,1729427, 11,Callum Hudson-Odoi,2024-04-21 13:30:00,Everton,Nottingham Forest,,,
319712,Nottingham Forest,Everton,1729427, 0,Matt Turner,2024-04-21 13:30:00,Everton,Nottingham Forest,,,
328075,Nottingham Forest,Everton,1729427, 0,Ibrahim Sangare,2024-04-21 13:30:00,Everton,Nottingham Forest,,,
298659,Nottingham Forest,Everton,1729427, 0,Harry Toffolo,2024-04-21 13:30:00,Everton,Nottingham Forest,,,
413211,Nottingham Forest,Everton,1729427, 0,Anthony Elanga,2024-04-21 13:30:00,Everton,Nottingham Forest,injured doubtful,Doubtful,Anthony Elanga
342830,Nottingham Forest,Everton,1729427, 0,Ryan Yates,2024-04-21 13:30:00,Everton,Nottingham Forest,,,
124688,Nottingham Forest,Everton,1729427, 0,Divock Origi,2024-04-21 13:30:00,Everton,Nottingham Forest,,,
316883,Nottingham Forest,Everton,1729427, 0,Gonzalo Montiel,2024-04-21 13:30:00,Everton,Nottingham Forest,,,
399490,Nottingham Forest,Everton,1729427, 0,Andrew Omobamidele,2024-04-21 13:30:00,Everton,Nottingham Forest,,,
434076,Nottingham Forest,Everton,1729427, 0,Rodrigo Ribeiro,2024-04-21 13:30:00,Everton,Nottingham Forest,,,
110189,Everton,Nottingham Forest,1729427,1,Jordan Pickford,2024-04-21 13:30:00,Everton,Nottingham Forest,,,
8166,Everton,Nottingham Forest,1729427, 2,Ashley Young,2024-04-21 13:30:00,Everton,Nottingham Forest,,,
345516,Everton,Nottingham Forest,1729427, 3,Vitalii Mykolenko,2024-04-21 13:30:00,Everton,Nottingham Forest,,,
80464,Everton,Nottingham Forest,1729427, 4,Idrissa Gueye,2024-04-21 13:30:00,Everton,Nottingham Forest,injured doubtful,Doubtful,Idrissa Gueye
131464,Everton,Nottingham Forest,1729427, 5,James Tarkowski,2024-04-21 13:30:00,Everton,Nottingham Forest,,,
381045,Everton,Nottingham Forest,1729427, 6,Jarrad Branthwaite,2024-04-21 13:30:00,Everton,Nottingham Forest,injured doubtful,Doubtful,Jarrad Branthwaite
317896,Everton,Nottingham Forest,1729427, 7,Jack Harrison,2024-04-21 13:30:00,Everton,Nottingham Forest,,,
116317,Everton,Nottingham Forest,1729427, 8,Abdoulaye Doucoure,2024-04-21 13:30:00,Everton,Nottingham Forest,,,
141469,Everton,Nottingham Forest,1729427, 9,Dominic Calvert-Lewin,2024-04-21 13:30:00,Everton,Nottingham Forest,injured doubtful,Doubtful,Dominic Calvert-Lewin
118123,Everton,Nottingham Forest,1729427, 10,Andre Gomes,2024-04-21 13:30:00,Everton,Nottingham Forest,,,
357427,Everton,Nottingham Forest,1729427, 11,Dwight McNeil,2024-04-21 13:30:00,Everton,Nottingham Forest,,,
107941,Everton,Nottingham Forest,1729427, 0,Michael Keane,2024-04-21 13:30:00,Everton,Nottingham Forest,,,
400815,Everton,Nottingham Forest,1729427, 0,Amadou Onana,2024-04-21 13:30:00,Everton,Nottingham Forest,,,
323625,Everton,Nottingham Forest,1729427, 0,Arnaut Danjuma,2024-04-21 13:30:00,Everton,Nottingham Forest,,,
362852,Everton,Nottingham Forest,1729427, 0,Joao Virginia,2024-04-21 13:30:00,Everton,Nottingham Forest,,,
380546,Everton,Nottingham Forest,1729427, 0,Beto,2024-04-21 13:30:00,Everton,Nottingham Forest,,,
287504,Everton,Nottingham Forest,1729427, 0,Ben Godfrey,2024-04-21 13:30:00,Everton,Nottingham Forest,,,
447229,Everton,Nottingham Forest,1729427, 0,Youssef Chermiti,2024-04-21 13:30:00,Everton,Nottingham Forest,,,
367781,Everton,Nottingham Forest,1729427, 0,James Garner,2024-04-21 13:30:00,Everton,Nottingham Forest,,,
432082,Everton,Nottingham Forest,1729427, 0,,2024-04-21 13:30:00,Everton,Nottingham Forest,,,
92173,Fulham,Liverpool,1729430,1,Bernd Leno,2024-04-21 16:30:00,Fulham,Liverpool,,,
141169,Fulham,Liverpool,1729430, 2,Timothy Castagne,2024-04-21 16:30:00,Fulham,Liverpool,,,
306581,Fulham,Liverpool,1729430, 3,Antonee Robinson,2024-04-21 16:30:00,Fulham,Liverpool,,,
297395,Fulham,Liverpool,1729430, 4,Sasa Lukic,2024-04-21 16:30:00,Fulham,Liverpool,,,
136464,Fulham,Liverpool,1729430, 5,Tosin Adarabioyo,2024-04-21 16:30:00,Fulham,Liverpool,,,
396976,Fulham,Liverpool,1729430, 6,Calvin Bassey,2024-04-21 16:30:00,Fulham,Liverpool,,,
136824,Fulham,Liverpool,1729430, 7,Alex Iwobi,2024-04-21 16:30:00,Fulham,Liverpool,,,
322774,Fulham,Liverpool,1729430, 8,Joao Palhinha,2024-04-21 16:30:00,Fulham,Liverpool,,,
403649,Fulham,Liverpool,1729430, 9,Rodrigo Muniz,2024-04-21 16:30:00,Fulham,Liverpool,,,
243254,Fulham,Liverpool,1729430, 10,Andreas Pereira,2024-04-21 16:30:00,Fulham,Liverpool,,,
134332,Fulham,Liverpool,1729430, 11,Bobby De Cordova-Reid,2024-04-21 16:30:00,Fulham,Liverpool,,,
256125,Fulham,Liverpool,1729430, 0,Marek Rodak,2024-04-21 16:30:00,Fulham,Liverpool,,,
145996,Fulham,Liverpool,1729430, 0,Kenny Tete,2024-04-21 16:30:00,Fulham,Liverpool,,,
135724,Fulham,Liverpool,1729430, 0,Harrison Reed,2024-04-21 16:30:00,Fulham,Liverpool,,,
108186,Fulham,Liverpool,1729430, 0,Raul Jimenez,2024-04-21 16:30:00,Fulham,Liverpool,,,
333044,Fulham,Liverpool,1729430, 0,Harry Wilson,2024-04-21 16:30:00,Fulham,Liverpool,,,
393407,Fulham,Liverpool,1729430, 0,Armando Broja,2024-04-21 16:30:00,Fulham,Liverpool,,,
79583,Fulham,Liverpool,1729430, 0,Tom Cairney,2024-04-21 16:30:00,Fulham,Liverpool,,,
140088,Fulham,Liverpool,1729430, 0,Adama Traore,2024-04-21 16:30:00,Fulham,Liverpool,,,
85006,Fulham,Liverpool,1729430, 0,Tim Ream,2024-04-21 16:30:00,Fulham,Liverpool,,,
114147,Liverpool,Fulham,1729430,1,Alisson Becker,2024-04-21 16:30:00,Fulham,Liverpool,,,
318871,Liverpool,Fulham,1729430, 2,Trent Alexander-Arnold,2024-04-21 16:30:00,Fulham,Liverpool,,,
115726,Liverpool,Fulham,1729430, 3,Andy Robertson,2024-04-21 16:30:00,Fulham,Liverpool,,,
86829,Liverpool,Fulham,1729430, 4,Wataru Endo,2024-04-21 16:30:00,Fulham,Liverpool,,,
430019,Liverpool,Fulham,1729430, 5,Jarell Quansah,2024-04-21 16:30:00,Fulham,Liverpool,,,
95408,Liverpool,Fulham,1729430, 6,Virgil van Dijk,2024-04-21 16:30:00,Fulham,Liverpool,,,
363982,Liverpool,Fulham,1729430, 7,Harvey Elliott,2024-04-21 16:30:00,Fulham,Liverpool,,,
363884,Liverpool,Fulham,1729430, 8,Ryan Gravenberch,2024-04-21 16:30:00,Fulham,Liverpool,,,
235755,Liverpool,Fulham,1729430, 9,Diogo Jota,2024-04-21 16:30:00,Fulham,Liverpool,,,
377168,Liverpool,Fulham,1729430, 10,Luis Diaz,2024-04-21 16:30:00,Fulham,Liverpool,,,
352825,Liverpool,Fulham,1729430, 11,Cody Gakpo,2024-04-21 16:30:00,Fulham,Liverpool,,,
136451,Liverpool,Fulham,1729430, 0,Joe Gomez,2024-04-21 16:30:00,Fulham,Liverpool,,,
345957,Liverpool,Fulham,1729430, 0,Ibrahima Konate,2024-04-21 16:30:00,Fulham,Liverpool,,,
369875,Liverpool,Fulham,1729430, 0,Dominik Szoboszlai,2024-04-21 16:30:00,Fulham,Liverpool,,,
400828,Liverpool,Fulham,1729430, 0,Darwin Nunez,2024-04-21 16:30:00,Fulham,Liverpool,,,
345319,Liverpool,Fulham,1729430, 0,Alexis Mac Allister,2024-04-21 16:30:00,Fulham,Liverpool,,,
108226,Liverpool,Fulham,1729430, 0,Mohamed Salah,2024-04-21 16:30:00,Fulham,Liverpool,,,
355354,Liverpool,Fulham,1729430, 0,Curtis Jones,2024-04-21 16:30:00,Fulham,Liverpool,,,
301455,Liverpool,Fulham,1729430, 0,Kostas Tsimikas,2024-04-21 16:30:00,Fulham,Liverpool,,,
322176,Liverpool,Fulham,1729430, 0,Caoimhin Kelleher,2024-04-21 16:30:00,Fulham,Liverpool,,,
276366,Arsenal,Chelsea,1729409,1,David Raya,2024-04-23 20:00:00,Arsenal,Chelsea,,,
322036,Arsenal,Chelsea,1729409, 2,Ben White,2024-04-23 20:00:00,Arsenal,Chelsea,,,
377283,Arsenal,Chelsea,1729409, 3,Takehiro Tomiyasu,2024-04-23 20:00:00,Arsenal,Chelsea,,,
238940,Arsenal,Chelsea,1729409, 4,Thomas Partey,2024-04-23 20:00:00,Arsenal,Chelsea,,,
361822,Arsenal,Chelsea,1729409, 5,William Saliba,2024-04-23 20:00:00,Arsenal,Chelsea,,,
334087,Arsenal,Chelsea,1729409, 6,Gabriel Magalhaes,2024-04-23 20:00:00,Arsenal,Chelsea,,,
247454,Arsenal,Chelsea,1729409, 7,Martin Odegaard,2024-04-23 20:00:00,Arsenal,Chelsea,,,
332325,Arsenal,Chelsea,1729409, 8,Declan Rice,2024-04-23 20:00:00,Arsenal,Chelsea,,,
326413,Arsenal,Chelsea,1729409, 9,Kai Havertz,2024-04-23 20:00:00,Arsenal,Chelsea,,,
367185,Arsenal,Chelsea,1729409, 10,Bukayo Saka,2024-04-23 20:00:00,Arsenal,Chelsea,,,
113994,Arsenal,Chelsea,1729409, 11,Leandro Trossard,2024-04-23 20:00:00,Arsenal,Chelsea,,,
316858,Arsenal,Chelsea,1729409, 0,Aaron Ramsdale,2024-04-23 20:00:00,Arsenal,Chelsea,,,
279379,Arsenal,Chelsea,1729409, 0,Gabriel Jesus,2024-04-23 20:00:00,Arsenal,Chelsea,,,
363686,Arsenal,Chelsea,1729409, 0,Emile Smith Rowe,2024-04-23 20:00:00,Arsenal,Chelsea,,,
380706,Arsenal,Chelsea,1729409, 0,Gabriel Martinelli,2024-04-23 20:00:00,Arsenal,Chelsea,,,
345845,Arsenal,Chelsea,1729409, 0,Eddie Nketiah,2024-04-23 20:00:00,Arsenal,Chelsea,,,
424462,Arsenal,Chelsea,1729409, 0,Jakub Kiwior,2024-04-23 20:00:00,Arsenal,Chelsea,,,
106968,Arsenal,Chelsea,1729409, 0,Jorginho,2024-04-23 20:00:00,Arsenal,Chelsea,,,
394924,Arsenal,Chelsea,1729409, 0,Fabio Vieira,2024-04-23 20:00:00,Arsenal,Chelsea,,,
273257,Arsenal,Chelsea,1729409, 0,Oleksandr Zinchenko,2024-04-23 20:00:00,Arsenal,Chelsea,,,
406564,Chelsea,Arsenal,1729409,1,Djordje Petrovic,2024-04-23 20:00:00,Arsenal,Chelsea,,,
467969,Chelsea,Arsenal,1729409, 2,Alfie Gilchrist,2024-04-23 20:00:00,Arsenal,Chelsea,,,
363496,Chelsea,Arsenal,1729409, 3,Marc Cucurella,2024-04-23 20:00:00,Arsenal,Chelsea,,,
410175,Chelsea,Arsenal,1729409, 4,Moises Caicedo,2024-04-23 20:00:00,Arsenal,Chelsea,,,
300426,Chelsea,Arsenal,1729409, 5,Axel Disasi,2024-04-23 20:00:00,Arsenal,Chelsea,,,
365406,Chelsea,Arsenal,1729409, 6,Benoit Badiashile,2024-04-23 20:00:00,Arsenal,Chelsea,,,
389935,Chelsea,Arsenal,1729409, 7,Noni Madueke,2024-04-23 20:00:00,Arsenal,Chelsea,,,
369430,Chelsea,Arsenal,1729409, 8,Enzo Fernandez,2024-04-23 20:00:00,Arsenal,Chelsea,,,
426050,Chelsea,Arsenal,1729409, 9,Nicolas Jackson,2024-04-23 20:00:00,Arsenal,Chelsea,,,
375621,Chelsea,Arsenal,1729409, 10,Conor Gallagher,2024-04-23 20:00:00,Arsenal,Chelsea,,,
409376,Chelsea,Arsenal,1729409, 11,Mykhailo Mudryk,2024-04-23 20:00:00,Arsenal,Chelsea,,,
28550,Chelsea,Arsenal,1729409, 0,Thiago Silva,2024-04-23 20:00:00,Arsenal,Chelsea,,,
97692,Chelsea,Arsenal,1729409, 0,Raheem Sterling,2024-04-23 20:00:00,Arsenal,Chelsea,,,
135768,Chelsea,Arsenal,1729409, 0,Marcus Bettinelli,2024-04-23 20:00:00,Arsenal,Chelsea,,,
353292,Chelsea,Arsenal,1729409, 0,Trevoh Chalobah,2024-04-23 20:00:00,Arsenal,Chelsea,,,
410639,Chelsea,Arsenal,1729409, 0,Carney Chukwuemeka,2024-04-23 20:00:00,Arsenal,Chelsea,,,
433219,Chelsea,Arsenal,1729409, 0,Cesare Casadei,2024-04-23 20:00:00,Arsenal,Chelsea,,,
478451,Chelsea,Arsenal,1729409, 0,Deivid Washington,2024-04-23 20:00:00,Arsenal,Chelsea,,,
517600,Chelsea,Arsenal,1729409, 0,,2024-04-23 20:00:00,Arsenal,Chelsea,,,
523598,Chelsea,Arsenal,1729409, 0,,2024-04-23 20:00:00,Arsenal,Chelsea,,,
345031,Real Madrid,Man City,1809759,1,,2024-04-17 20:00:00,Manchester City,Real Madrid,,,
106883,Real Madrid,Man City,1809759, 2,,2024-04-17 20:00:00,Manchester City,Real Madrid,,,
296337,Real Madrid,Man City,1809759, 3,,2024-04-17 20:00:00,Manchester City,Real Madrid,,,
31772,Real Madrid,Man City,1809759, 4,,2024-04-17 20:00:00,Manchester City,Real Madrid,,,
104010,Real Madrid,Man City,1809759, 5,Antonio Rudiger,2024-04-17 20:00:00,Manchester City,Real Madrid,,,
106875,Real Madrid,Man City,1809759, 6,,2024-04-17 20:00:00,Manchester City,Real Madrid,,,
344644,Real Madrid,Man City,1809759, 7,,2024-04-17 20:00:00,Manchester City,Real Madrid,,,
369109,Real Madrid,Man City,1809759, 8,,2024-04-17 20:00:00,Manchester City,Real Madrid,,,
337782,Real Madrid,Man City,1809759, 9,,2024-04-17 20:00:00,Manchester City,Real Madrid,,,
379868,Real Madrid,Man City,1809759, 10,,2024-04-17 20:00:00,Manchester City,Real Madrid,,,
347862,Real Madrid,Man City,1809759, 11,,2024-04-17 20:00:00,Manchester City,Real Madrid,,,
337879,Real Madrid,Man City,1809759, 0,,2024-04-17 20:00:00,Manchester City,Real Madrid,,,
20874,Real Madrid,Man City,1809759, 0,,2024-04-17 20:00:00,Manchester City,Real Madrid,,,
74603,Real Madrid,Man City,1809759, 0,Joselu,2024-04-17 20:00:00,Manchester City,Real Madrid,,,
144511,Real Madrid,Man City,1809759, 0,,2024-04-17 20:00:00,Manchester City,Real Madrid,,,
144890,Real Madrid,Man City,1809759, 0,Dani Ceballos,2024-04-17 20:00:00,Manchester City,Real Madrid,,,
422957,Real Madrid,Man City,1809759, 0,,2024-04-17 20:00:00,Manchester City,Real Madrid,,,
317541,Real Madrid,Man City,1809759, 0,Brahim Diaz,2024-04-17 20:00:00,Manchester City,Real Madrid,,,
415181,Real Madrid,Man City,1809759, 0,,2024-04-17 20:00:00,Manchester City,Real Madrid,,,
113880,Real Madrid,Man City,1809759, 0,Kepa,2024-04-17 20:00:00,Manchester City,Real Madrid,,,
482830,Real Madrid,Man City,1809759, 0,,2024-04-17 20:00:00,Manchester City,Real Madrid,,,
121774,Man City,Real Madrid,1809759,1,Ederson,2024-04-17 20:00:00,Manchester City,Real Madrid,,,
69778,Man City,Real Madrid,1809759, 2,Kyle Walker,2024-04-17 20:00:00,Manchester City,Real Madrid,,,
402664,Man City,Real Madrid,1809759, 3,Josko Gvardiol,2024-04-17 20:00:00,Manchester City,Real Madrid,,,
303139,Man City,Real Madrid,1809759, 4,Rodri,2024-04-17 20:00:00,Manchester City,Real Madrid,,,
297390,Man City,Real Madrid,1809759, 5,Manuel Akanji,2024-04-17 20:00:00,Manchester City,Real Madrid,,,
313171,Man City,Real Madrid,1809759, 6,Ruben Dias,2024-04-17 20:00:00,Manchester City,Real Madrid,,,
331254,Man City,Real Madrid,1809759, 7,Phil Foden,2024-04-17 20:00:00,Manchester City,Real Madrid,,,
73084,Man City,Real Madrid,1809759, 8,Kevin De Bruyne,2024-04-17 20:00:00,Manchester City,Real Madrid,,,
315227,Man City,Real Madrid,1809759, 9,Erling Haaland,2024-04-17 20:00:00,Manchester City,Real Madrid,,,
136741,Man City,Real Madrid,1809759, 10,Bernardo Silva,2024-04-17 20:00:00,Manchester City,Real Madrid,,,
113069,Man City,Real Madrid,1809759, 11,Jack Grealish,2024-04-17 20:00:00,Manchester City,Real Madrid,,,
101374,Man City,Real Madrid,1809759, 0,John Stones,2024-04-17 20:00:00,Manchester City,Real Madrid,,,
122945,Man City,Real Madrid,1809759, 0,Nathan Ake,2024-04-17 20:00:00,Manchester City,Real Madrid,,,
93894,Man City,Real Madrid,1809759, 0,Mateo Kovacic,2024-04-17 20:00:00,Manchester City,Real Madrid,,,
388098,Man City,Real Madrid,1809759, 0,Jeremy Doku,2024-04-17 20:00:00,Manchester City,Real Madrid,,,
133569,Man City,Real Madrid,1809759, 0,Stefan Ortega,2024-04-17 20:00:00,Manchester City,Real Madrid,,,
365409,Man City,Real Madrid,1809759, 0,Julian Alvarez,2024-04-17 20:00:00,Manchester City,Real Madrid,,,
355110,Man City,Real Madrid,1809759, 0,Sergio Gomez,2024-04-17 20:00:00,Manchester City,Real Madrid,,,
394933,Man City,Real Madrid,1809759, 0,Matheus Nunes,2024-04-17 20:00:00,Manchester City,Real Madrid,,,
8155,Man City,Real Madrid,1809759, 0,Scott Carson,2024-04-17 20:00:00,Manchester City,Real Madrid,,,
430709,Man City,Real Madrid,1809759, 0,Oscar Bobb,2024-04-17 20:00:00,Manchester City,Real Madrid,,,
444791,Man City,Real Madrid,1809759, 0,Rico Lewis,2024-04-17 20:00:00,Manchester City,Real Madrid,,,
